timestamp_unix_s,timestamp_perf_s,sensor1_x,sensor2_x,sensor3_x,sensor4_x,sensor5_x,sensor6_x,sensor7_x,sensor8_x,sensor1_y,sensor2_y,sensor3_y,sensor4_y,sensor5_y,sensor6_y,sensor7_y,sensor8_y,sensor1_z,sensor2_z,sensor3_z,sensor4_z,sensor5_z,sensor6_z,sensor7_z,sensor8_z,sensor1_mag,sensor2_mag,sensor3_mag,sensor4_mag,sensor5_mag,sensor6_mag,sensor7_mag,sensor8_mag
1781983257.8201032,49251.401894429,0.0,-2220.0,0.0,6201.60009765625,-1267.2000732421875,2592.0,5884.80029296875,-4257.60009765625,0.0,-3619.2001953125,0.0,3144.000244140625,16.80000114440918,4538.400390625,-2289.60009765625,2128.800048828125,0.0,-2923.35986328125,0.0,-7128.35205078125,855.7119750976562,2249.632080078125,-7391.64794921875,8576.4794921875,0.0,5154.904746355049,0.0,9957.810214413788,1529.157039021496,5690.025184596443,9721.604934397526,9808.921893835524
1781983257.838608,49251.420401386,0.0,-2222.400146484375,0.0,6201.60009765625,-1264.800048828125,2594.400146484375,5884.80029296875,-4257.60009765625,0.0,-3614.400146484375,0.0,3144.000244140625,19.200000762939453,4538.400390625,-2292.0,2133.60009765625,0.0,-2907.8720703125,0.0,-7139.9677734375,855.7119750976562,2253.50390625,-7395.52001953125,8580.3515625,0.0,5143.799258068257,0.0,9966.128692332462,1527.197036361208,5692.650532149967,9725.114644435436,9813.350136644338
1781983257.8554647,49251.437257381,0.0,-2222.400146484375,0.0,6199.2001953125,-1262.4000244140625,2589.60009765625,5887.2001953125,-4260.0,0.0,-3614.400146484375,0.0,3148.800048828125,19.200000762939453,4538.400390625,-2292.0,2131.2001953125,0.0,-2915.615966796875,0.0,-7132.22412109375,847.968017578125,2257.3759765625,-7391.64794921875,8580.3515625,0.0,5148.180969608675,0.0,9960.60468659278,1520.878765880206,5691.999039965477,9723.623272467794,9813.87014427011
1781983257.8819244,49251.463716999,0.0,-2220.0,0.0,6206.400390625,-1260.0,2592.0,5887.2001953125,-4260.0,0.0,-3619.2001953125,0.0,3148.800048828125,19.200000762939453,4543.2001953125,-2294.400146484375,2136.0,0.0,-2919.488037109375,0.0,-7136.09619140625,840.2239990234375,2249.632080078125,-7391.64794921875,8580.3515625,0.0,5152.710010525994,0.0,9967.859168811172,1514.5775016697676,5693.854275480201,9724.189301790911,9814.913597994442
1781983257.8950834,49251.476875795,0.0,-2222.400146484375,0.0,6199.2001953125,-1264.800048828125,2589.60009765625,5892.0,-4262.400390625,0.0,-3612.000244140625,0.0,3144.000244140625,19.200000762939453,4540.80029296875,-2289.60009765625,2133.60009765625,0.0,-2919.488037109375,0.0,-7136.09619140625,851.8399658203125,2253.50390625,-7399.39208984375,8580.3515625,0.0,5148.690957281322,0.0,9961.861746165805,1525.030862282359,5692.378748984501,9731.851617571538,9815.433734828794
1781983257.922371,49251.504164038,0.0,-2220.0,0.0,6204.00048828125,-1260.0,2592.0,5889.60009765625,-4262.400390625,0.0,-3616.800048828125,0.0,3144.000244140625,21.600000381469727,4540.80029296875,-2289.60009765625,2133.60009765625,0.0,-2911.743896484375,0.0,-7128.35205078125,851.8399658203125,2253.50390625,-7395.52001953125,8580.3515625,0.0,5146.639205531814,0.0,9959.305324852108,1521.084444528058,5693.470923444599,9727.454665881898,9815.433734828794
1781983257.9346516,49251.516444747,0.0,-2217.60009765625,0.0,6199.2001953125,-1262.4000244140625,2592.0,5884.80029296875,-4262.400390625,0.0,-3614.400146484375,0.0,3146.400146484375,19.200000762939453,4533.60009765625,-2289.60009765625,2133.60009765625,0.0,-2923.35986328125,0.0,-7136.09619140625,844.0960083007812,2249.632080078125,-7391.64794921875,8576.4794921875,0.0,5150.502063126958,0.0,9962.619424446677,1518.7233233539398,5686.1971774803405,9721.604934397526,9812.049069721965
1781983257.9468873,49251.528680325,0.0,-2217.60009765625,0.0,6199.2001953125,-1264.800048828125,2589.60009765625,5884.80029296875,-4257.60009765625,0.0,-3614.400146484375,0.0,3148.800048828125,19.200000762939453,4536.0,-2289.60009765625,2133.60009765625,0.0,-2915.615966796875,0.0,-7136.09619140625,847.968017578125,2245.760009765625,-7395.52001953125,8580.3515625,0.0,5146.1106748565135,0.0,9963.377623179065,1522.8714858386113,5685.48702287181,9724.549318842499,9813.350136644338
1781983257.95984,49251.541633309,0.0,-2217.60009765625,0.0,6201.60009765625,-1262.4000244140625,2594.400146484375,5884.80029296875,-4262.400390625,0.0,-3616.800048828125,0.0,3146.400146484375,21.600000381469727,4538.400390625,-2292.0,2128.800048828125,0.0,-2915.615966796875,0.0,-7132.22412109375,851.8399658203125,2245.760009765625,-7395.52001953125,8584.2236328125,0.0,5147.796543393009,0.0,9961.340199318483,1523.0731134866298,5689.589462093535,9725.114644435436,9817.776841832749
1781983257.9730177,49251.554811316,0.0,-2220.0,0.0,6201.60009765625,-1262.4000244140625,2592.0,5889.60009765625,-4260.0,0.0,-3616.800048828125,0.0,3146.400146484375,19.200000762939453,4540.80029296875,-2294.400146484375,2131.2001953125,0.0,-2919.488037109375,0.0,-7136.09619140625,847.968017578125,2245.760009765625,-7399.39208984375,8572.6083984375,0.0,5151.024460437737,0.0,9964.112931217194,1520.878765880206,5690.410294705259,9731.529409180363,9807.100949080783
1781983257.9856203,49251.567413316,0.0,-2220.0,0.0,6199.2001953125,-1257.60009765625,2592.0,5884.80029296875,-4262.400390625,0.0,-3616.800048828125,0.0,3146.400146484375,19.200000762939453,4536.0,-2294.400146484375,2128.800048828125,0.0,-2915.615966796875,0.0,-7132.22412109375,851.8399658203125,2245.760009765625,-7391.64794921875,8584.2236328125,0.0,5148.830843894952,0.0,9959.846276769082,1519.0648350294525,5686.580520968862,9722.736545104077,9817.776841832749
1781983257.9990132,49251.580805379,0.0,-2217.60009765625,0.0,6206.400390625,-1264.800048828125,2589.60009765625,5887.2001953125,-4260.0,0.0,-3616.800048828125,0.0,3146.400146484375,19.200000762939453,4538.400390625,-2292.0,2133.60009765625,0.0,-2915.615966796875,0.0,-7128.35205078125,851.8399658203125,2245.760009765625,-7399.39208984375,8584.2236328125,0.0,5147.796543393009,0.0,9961.558244091348,1525.030862282359,5687.40228864364,9729.511469695166,9817.77697622305
1781983258.011091,49251.592883561,0.0,-2220.0,0.0,6194.400390625,-1262.4000244140625,2592.0,5887.2001953125,-4255.2001953125,0.0,-3614.400146484375,0.0,3146.400146484375,21.600000381469727,4536.0,-2289.60009765625,2131.2001953125,0.0,-2919.488037109375,0.0,-7139.9677734375,847.968017578125,2249.632080078125,-7395.52001953125,8576.4794921875,0.0,5149.3396487055525,0.0,9962.407835804459,1520.9109574503302,5688.110801990115,9726.001804758343,9808.401676858484
1781983258.023222,49251.605015189,0.0,-2217.60009765625,0.0,6199.2001953125,-1260.0,2594.400146484375,5887.2001953125,-4264.80029296875,0.0,-3614.400146484375,0.0,3144.000244140625,19.200000762939453,4540.80029296875,-2294.400146484375,2131.2001953125,0.0,-2919.488037109375,0.0,-7139.9677734375,847.968017578125,2253.50390625,-7395.52001953125,8580.3515625,0.0,5148.305450423084,0.0,9964.635487685684,1518.8872238795982,5694.564011071194,9727.132903952868,9815.954805697842
1781983258.0358047,49251.617597911,0.0,-2222.400146484375,0.0,6204.00048828125,-1264.800048828125,2592.0,5882.400390625,-4255.2001953125,0.0,-3614.400146484375,0.0,3146.400146484375,21.600000381469727,4540.80029296875,-2292.0,2128.800048828125,0.0,-2919.488037109375,0.0,-7136.09619140625,855.7119750976562,2249.632080078125,-7399.39208984375,8580.3515625,0.0,5150.374862941997,0.0,9965.607096077672,1527.2290947522047,5691.939546089867,9726.607921308816,9811.266548523405
1781983258.0495455,49251.631338863,0.0,-2220.0,0.0,6206.400390625,-1264.800048828125,2589.60009765625,5887.2001953125,-4260.0,0.0,-3619.2001953125,0.0,3141.60009765625,21.600000381469727,4540.80029296875,-2292.0,2133.60009765625,0.0,-2923.35986328125,0.0,-7136.09619140625,847.968017578125,2253.50390625,-7395.52001953125,8576.4794921875,0.0,5154.904746355049,0.0,9965.587079311821,1522.903635286055,5692.378748984501,9726.567045930185,9811.006566944674
1781983258.0620446,49251.643837472,0.0,-2217.60009765625,0.0,6201.60009765625,-1262.4000244140625,2592.0,5887.2001953125,-4262.400390625,0.0,-3616.800048828125,0.0,3144.000244140625,19.200000762939453,4540.80029296875,-2294.400146484375,2131.2001953125,0.0,-2923.35986328125,0.0,-7128.35205078125,851.8399658203125,2253.50390625,-7399.39208984375,8580.3515625,0.0,5152.186494739093,0.0,9957.810214413788,1523.0409676166541,5693.470923444599,9730.077156483258,9814.912342889078
1781983258.075227,49251.657019953,0.0,-2215.2001953125,0.0,6206.400390625,-1260.0,2592.0,5889.60009765625,-4260.0,0.0,-3614.400146484375,0.0,3146.400146484375,21.600000381469727,4540.80029296875,-2292.0,2133.60009765625,0.0,-2911.743896484375,0.0,-7139.9677734375,844.0960083007812,2253.50390625,-7391.64794921875,8572.6083984375,0.0,5142.883708867314,0.0,9969.873594799139,1516.7612307959985,5693.470923444599,9725.076488928109,9807.622756289105
1781983258.0890577,49251.670850468,0.0,-2220.0,0.0,6201.60009765625,-1264.800048828125,2592.0,5892.0,-4257.60009765625,0.0,-3621.60009765625,0.0,3144.000244140625,21.600000381469727,4538.400390625,-2292.0,2131.2001953125,0.0,-2923.35986328125,0.0,-7139.9677734375,844.0960083007812,2249.632080078125,-7395.52001953125,8580.3515625,0.0,5156.5899737702175,0.0,9966.128692332462,1520.7510627191484,5690.025184596443,9729.47297438497,9812.828633995334
1781983258.1015751,49251.68336787,0.0,-2217.60009765625,0.0,6201.60009765625,-1264.800048828125,2592.0,5889.60009765625,-4257.60009765625,0.0,-3616.800048828125,0.0,3146.400146484375,16.80000114440918,4543.2001953125,-2292.0,2131.2001953125,0.0,-2915.615966796875,0.0,-7132.22412109375,847.968017578125,2249.632080078125,-7399.39208984375,8580.3515625,0.0,5147.796543393009,0.0,9961.340199318483,1522.8431181147503,5693.854275480201,9730.96380681558,9812.828633995334
1781983258.1128433,49251.694636011,0.0,-2222.400146484375,0.0,6204.00048828125,-1262.4000244140625,2592.0,5887.2001953125,-4255.2001953125,0.0,-3614.400146484375,0.0,3144.000244140625,21.600000381469727,4538.400390625,-2289.60009765625,2136.0,0.0,-2915.615966796875,0.0,-7132.22412109375,844.0960083007812,2245.760009765625,-7399.39208984375,8572.6083984375,0.0,5148.180969608675,0.0,9962.077118114566,1518.7555606108633,5688.495418569629,9728.946399591136,9806.06136301159
1781983258.1249464,49251.706739065,0.0,-2222.400146484375,0.0,6199.2001953125,-1262.4000244140625,2592.0,5884.80029296875,-4257.60009765625,0.0,-3616.800048828125,0.0,3144.000244140625,21.600000381469727,4536.0,-2287.2001953125,2131.2001953125,0.0,-2919.488037109375,0.0,-7136.09619140625,851.8399658203125,2253.50390625,-7391.64794921875,8576.4794921875,0.0,5152.059336141389,0.0,9961.861746165805,1523.0731134866298,5689.643209858067,9721.039997178923,9809.443070020607
1781983258.1379755,49251.719768271,0.0,-2217.60009765625,0.0,6204.00048828125,-1257.60009765625,2589.60009765625,5884.80029296875,-4260.0,0.0,-3616.800048828125,0.0,3144.000244140625,21.600000381469727,4536.0,-2292.0,2128.800048828125,0.0,-2915.615966796875,0.0,-7136.09619140625,847.968017578125,2245.760009765625,-7399.39208984375,8576.4794921875,0.0,5147.796543393009,0.0,9964.8496449647,1516.929241750209,5685.48702287181,9728.059507803566,9809.963818883502
1781983258.1511025,49251.732895282,0.0,-2222.400146484375,0.0,6204.00048828125,-1255.2000732421875,2589.60009765625,5882.400390625,-4257.60009765625,0.0,-3614.400146484375,0.0,3141.60009765625,21.600000381469727,4538.400390625,-2294.400146484375,2133.60009765625,0.0,-2919.488037109375,0.0,-7136.09619140625,851.8399658203125,2253.50390625,-7391.64794921875,8580.3515625,0.0,5150.374862941997,0.0,9964.092637324813,1517.1107775150842,5690.464535245819,9721.284163782191,9813.350136644338
1781983258.1627696,49251.744561913,0.0,-2217.60009765625,0.0,6199.2001953125,-1260.0,2594.400146484375,5884.80029296875,-4262.400390625,0.0,-3616.800048828125,0.0,3153.60009765625,21.600000381469727,4538.400390625,-2294.400146484375,2131.2001953125,0.0,-2919.488037109375,0.0,-7136.09619140625,847.968017578125,2241.887939453125,-7391.64794921875,8572.6083984375,0.0,5149.990600491703,0.0,9964.89565878654,1518.9194576579282,5688.062214741386,9722.736545104077,9808.143866984281
1781983258.176428,49251.7582198,0.0,-2220.0,0.0,6204.00048828125,-1264.800048828125,2594.400146484375,5887.2001953125,-4260.0,0.0,-3614.400146484375,0.0,3144.000244140625,21.600000381469727,4538.400390625,-2294.400146484375,2131.2001953125,0.0,-2915.615966796875,0.0,-7136.09619140625,847.968017578125,2245.760009765625,-7395.52001953125,8580.3515625,0.0,5147.14531412774,0.0,9964.8496449647,1522.903635286055,5689.589462093535,9727.132903952868,9813.87014427011
1781983258.1897643,49251.771557513,0.0,-2220.0,0.0,6199.2001953125,-1262.4000244140625,2587.2001953125,5887.2001953125,-4264.80029296875,0.0,-3614.400146484375,0.0,3146.400146484375,19.200000762939453,4538.400390625,-2292.0,2133.60009765625,0.0,-2915.615966796875,0.0,-7139.9677734375,847.968017578125,2245.760009765625,-7395.52001953125,8576.4794921875,0.0,5147.14531412774,0.0,9965.392955076357,1520.878765880206,5686.309961452391,9726.567045930185,9813.091836701511
1781983258.204589,49251.786381526,0.0,-2220.0,0.0,6199.2001953125,-1260.0,2592.0,5880.0,-4260.0,0.0,-3619.2001953125,0.0,3146.400146484375,21.600000381469727,4538.400390625,-2292.0,2133.60009765625,0.0,-2915.615966796875,0.0,-7128.35205078125,847.968017578125,2249.632080078125,-7395.52001953125,8576.4794921875,0.0,5150.517111862741,0.0,9957.073862497791,1518.9194576579282,5690.025184596443,9722.210672439036,9811.006566944674
1781983258.2173905,49251.799182355,0.0,-2217.60009765625,0.0,6199.2001953125,-1264.800048828125,2592.0,5884.80029296875,-4260.0,0.0,-3614.400146484375,0.0,3144.000244140625,21.600000381469727,4540.80029296875,-2294.400146484375,2133.60009765625,0.0,-2919.488037109375,0.0,-7139.9677734375,851.8399658203125,2249.632080078125,-7395.52001953125,8576.4794921875,0.0,5148.305450423084,0.0,9964.635487685684,1525.062966208562,5691.939546089867,9725.680586961516,9811.006566944674
1781983258.2308586,49251.812650429,0.0,-2220.0,0.0,6204.00048828125,-1262.4000244140625,2592.0,5887.2001953125,-4262.400390625,0.0,-3619.2001953125,0.0,3146.400146484375,21.600000381469727,4543.2001953125,-2292.0,2126.400146484375,0.0,-2911.743896484375,0.0,-7136.09619140625,851.8399658203125,2253.50390625,-7391.64794921875,8576.4794921875,0.0,5148.326191342585,0.0,9965.607096077672,1523.0731134866298,5695.3851380017795,9723.623272467794,9810.485979444733
1781983258.2432814,49251.825074496,0.0,-2220.0,0.0,6201.60009765625,-1262.4000244140625,2589.60009765625,5889.60009765625,-4257.60009765625,0.0,-3614.400146484375,0.0,3144.000244140625,19.200000762939453,4538.400390625,-2294.400146484375,2126.400146484375,0.0,-2915.615966796875,0.0,-7136.09619140625,847.968017578125,2253.50390625,-7391.64794921875,8580.3515625,0.0,5147.14531412774,0.0,9963.355366512284,1520.878765880206,5690.464535245819,9725.642433674486,9811.787253636692
1781983258.2575328,49251.839325646,0.0,-2217.60009765625,0.0,6201.60009765625,-1260.0,2587.2001953125,5884.80029296875,-4257.60009765625,0.0,-3612.000244140625,0.0,3146.400146484375,21.600000381469727,4533.60009765625,-2294.400146484375,2128.800048828125,0.0,-2919.488037109375,0.0,-7132.22412109375,851.8399658203125,2249.632080078125,-7391.64794921875,8576.4794921875,0.0,5146.620867678296,0.0,9961.340199318483,1521.084444528058,5684.010836707688,9722.736545104077,9808.921893835524
1781983258.2710018,49251.852795117,0.0,-2217.60009765625,0.0,6199.2001953125,-1260.0,2589.60009765625,5887.2001953125,-4260.0,0.0,-3614.400146484375,0.0,3141.60009765625,19.200000762939453,4538.400390625,-2289.60009765625,2133.60009765625,0.0,-2915.615966796875,0.0,-7132.22412109375,844.0960083007812,2253.50390625,-7395.52001953125,8572.6083984375,0.0,5146.1106748565135,0.0,9958.330941913298,1516.7289511506694,5690.464535245819,9726.001804758343,9807.622756289105
1781983258.2886562,49251.870448723,0.0,-2220.0,0.0,6199.2001953125,-1264.800048828125,2587.2001953125,5884.80029296875,-4255.2001953125,0.0,-3614.400146484375,0.0,3148.800048828125,19.200000762939453,4540.80029296875,-2289.60009765625,2133.60009765625,0.0,-2915.615966796875,0.0,-7132.22412109375,855.7119750976562,2253.50390625,-7395.52001953125,8584.2236328125,0.0,5147.14531412774,0.0,9960.60468659278,1527.197036361208,5691.28737692397,9724.549318842499,9815.695261011466
1781983258.3041482,49251.885941308,0.0,-2217.60009765625,0.0,6199.2001953125,-1260.0,2589.60009765625,5887.2001953125,-4257.60009765625,0.0,-3621.60009765625,0.0,3148.800048828125,19.200000762939453,4538.400390625,-2292.0,2136.0,0.0,-2915.615966796875,0.0,-7128.35205078125,844.0960083007812,2249.632080078125,-7391.64794921875,8580.3515625,0.0,5151.170151170474,0.0,9957.832483474493,1516.7289511506694,5688.932348615427,9723.623272467794,9813.872198457584
1781983258.3196108,49251.901403225,0.0,-2217.60009765625,0.0,6194.400390625,-1260.0,2589.60009765625,5884.80029296875,-4255.2001953125,0.0,-3619.2001953125,0.0,3144.000244140625,24.0,4536.0,-2287.2001953125,2131.2001953125,0.0,-2919.488037109375,0.0,-7132.22412109375,851.8399658203125,2245.760009765625,-7391.64794921875,8576.4794921875,0.0,5151.6764888432,0.0,9956.10137795126,1521.1204184313453,5685.48702287181,9721.039997178923,9808.401676858484
1781983258.333796,49251.915589264,0.0,-2222.400146484375,0.0,6201.60009765625,-1264.800048828125,2592.0,5887.2001953125,-4260.0,0.0,-3612.000244140625,0.0,3139.2001953125,21.600000381469727,4538.400390625,-2289.60009765625,2128.800048828125,0.0,-2915.615966796875,0.0,-7132.22412109375,844.0960083007812,2249.632080078125,-7395.52001953125,8584.2236328125,0.0,5146.496346118064,0.0,9959.06835758303,1520.7510627191484,5690.025184596443,9726.001804758343,9816.73494732476
1781983258.3484702,49251.930262656,0.0,-2215.2001953125,0.0,6199.2001953125,-1262.4000244140625,2592.0,5884.80029296875,-4260.0,0.0,-3612.000244140625,0.0,3144.000244140625,16.80000114440918,4538.400390625,-2292.0,2131.2001953125,0.0,-2915.615966796875,0.0,-7128.35205078125,851.8399658203125,2245.760009765625,-7399.39208984375,8580.3515625,0.0,5143.391306796067,0.0,9956.315762198188,1523.0126030495705,5688.495418569629,9728.059507803566,9813.87014427011
1781983258.3625941,49251.944386378,0.0,-2215.2001953125,0.0,6199.2001953125,-1260.0,2592.0,5884.80029296875,-4252.80029296875,0.0,-3612.000244140625,0.0,3144.000244140625,21.600000381469727,4540.80029296875,-2287.2001953125,2128.800048828125,0.0,-2911.743896484375,0.0,-7132.22412109375,844.0960083007812,2249.632080078125,-7395.52001953125,8576.4794921875,0.0,5141.19734961599,0.0,9959.08838750969,1516.7612307959985,5691.939546089867,9723.984552684673,9806.839473534706
1781983258.377935,49251.959727504,0.0,-2215.2001953125,0.0,6199.2001953125,-1260.0,2594.400146484375,5884.80029296875,-4262.400390625,0.0,-3616.800048828125,0.0,3139.2001953125,16.80000114440918,4538.400390625,-2292.0,2131.2001953125,0.0,-2923.35986328125,0.0,-7132.22412109375,851.8399658203125,2253.50390625,-7395.52001953125,8584.2236328125,0.0,5151.153986123831,0.0,9957.574094192023,1521.0238549763785,5692.650532149967,9725.114644435436,9818.297547978307
1781983258.3918648,49251.973657502,0.0,-2215.2001953125,0.0,6199.2001953125,-1262.4000244140625,2589.60009765625,5889.60009765625,-4252.80029296875,0.0,-3614.400146484375,0.0,3146.400146484375,21.600000381469727,4538.400390625,-2289.60009765625,2128.800048828125,0.0,-2919.488037109375,0.0,-7128.35205078125,847.968017578125,2245.760009765625,-7391.64794921875,8576.4794921875,0.0,5147.272163296163,0.0,9957.073862497791,1520.9109574503302,5687.40228864364,9724.511161117034,9806.839473534706
1781983258.4073548,49251.989147502,0.0,-2220.0,0.0,6199.2001953125,-1262.4000244140625,2589.60009765625,5887.2001953125,-4255.2001953125,0.0,-3614.400146484375,0.0,3146.400146484375,19.200000762939453,4533.60009765625,-2294.400146484375,2128.800048828125,0.0,-2919.488037109375,0.0,-7132.22412109375,847.968017578125,2249.632080078125,-7395.52001953125,8580.3515625,0.0,5149.3396487055525,0.0,9959.846276769082,1520.878765880206,5685.1036056492985,9727.132903952868,9811.266548523405
1781983258.4219294,49252.003722739,0.0,-2217.60009765625,0.0,6204.00048828125,-1262.4000244140625,2594.400146484375,5884.80029296875,-4257.60009765625,0.0,-3616.800048828125,0.0,3146.400146484375,21.600000381469727,4538.400390625,-2289.60009765625,2131.2001953125,0.0,-2915.615966796875,0.0,-7139.9677734375,851.8399658203125,2253.50390625,-7391.64794921875,8576.4794921875,0.0,5147.796543393009,0.0,9968.379795439023,1523.0731134866298,5692.650532149967,9721.604934397526,9809.443070020607
1781983258.4426813,49252.024473995,0.0,-2222.400146484375,0.0,6196.80029296875,-1262.4000244140625,2594.400146484375,5889.60009765625,-4260.0,0.0,-3612.000244140625,0.0,3144.000244140625,21.600000381469727,4538.400390625,-2289.60009765625,2133.60009765625,0.0,-2915.615966796875,0.0,-7124.47998046875,847.968017578125,2253.50390625,-7395.52001953125,8572.6083984375,0.0,5146.496346118064,0.0,9952.04935670005,1520.9109574503302,5692.650532149967,9727.454665881898,9807.622756289105
1781983258.4606562,49252.042448404,0.0,-2215.2001953125,0.0,6201.60009765625,-1260.0,2592.0,5882.400390625,-4257.60009765625,0.0,-3609.60009765625,0.0,3144.000244140625,19.200000762939453,4543.2001953125,-2289.60009765625,2128.800048828125,0.0,-2915.615966796875,0.0,-7136.09619140625,847.968017578125,2241.887939453125,-7395.52001953125,8568.736328125,0.0,5141.706062792137,0.0,9963.355366512284,1518.8872238795982,5690.799025422784,9723.097208302515,9802.152340194589
1781983258.4785514,49252.060343171,0.0,-2222.400146484375,0.0,6199.2001953125,-1257.60009765625,2589.60009765625,5884.80029296875,-4257.60009765625,0.0,-3612.000244140625,0.0,3144.000244140625,16.80000114440918,4538.400390625,-2289.60009765625,2128.800048828125,0.0,-2915.615966796875,0.0,-7136.09619140625,851.8399658203125,2245.760009765625,-7399.39208984375,8576.4794921875,0.0,5146.496346118064,0.0,9961.861746165805,1519.036396217093,5687.40228864364,9727.494353355074,9808.921893835524
1781983258.4954226,49252.0772144,0.0,-2217.60009765625,0.0,6201.60009765625,-1262.4000244140625,2589.60009765625,5884.80029296875,-4262.400390625,0.0,-3614.400146484375,0.0,3144.000244140625,19.200000762939453,4536.0,-2289.60009765625,2128.800048828125,0.0,-2919.488037109375,0.0,-7132.22412109375,851.8399658203125,2249.632080078125,-7395.52001953125,8576.4794921875,0.0,5148.305450423084,0.0,9960.582423729942,1523.0409676166541,5687.017598135062,9724.549318842499,9811.006432461632
1781983258.5101385,49252.091931944,0.0,-2217.60009765625,0.0,6196.80029296875,-1262.4000244140625,2592.0,5889.60009765625,-4260.0,0.0,-3614.400146484375,0.0,3146.400146484375,24.0,4536.0,-2292.0,2131.2001953125,0.0,-2915.615966796875,0.0,-7132.22412109375,851.8399658203125,2245.760009765625,-7399.39208984375,8580.3515625,0.0,5146.1106748565135,0.0,9958.3527084677,1523.10904042008,5686.580520968862,9730.96380681558,9813.87014427011
1781983258.5244775,49252.10627021,0.0,-2220.0,0.0,6199.2001953125,-1260.0,2589.60009765625,5884.80029296875,-4255.2001953125,0.0,-3614.400146484375,0.0,3146.400146484375,21.600000381469727,4538.400390625,-2294.400146484375,2133.60009765625,0.0,-2915.615966796875,0.0,-7132.22412109375,851.8399658203125,2249.632080078125,-7403.26416015625,8580.3515625,0.0,5147.14531412774,0.0,9959.846276769082,1521.084444528058,5688.932348615427,9731.570620684342,9812.309158144299
1781983258.5398078,49252.121600578,0.0,-2215.2001953125,0.0,6201.60009765625,-1260.0,2592.0,5884.80029296875,-4260.0,0.0,-3612.000244140625,0.0,3148.800048828125,21.600000381469727,4538.400390625,-2292.0,2131.2001953125,0.0,-2915.615966796875,0.0,-7139.9677734375,851.8399658203125,2245.760009765625,-7399.39208984375,8572.6083984375,0.0,5143.391306796067,0.0,9967.643920429544,1521.084444528058,5688.495418569629,9728.059507803566,9807.100949080783
1781983258.5525353,49252.134328122,0.0,-2220.0,0.0,6201.60009765625,-1260.0,2589.60009765625,5884.80029296875,-4257.60009765625,0.0,-3616.800048828125,0.0,3146.400146484375,24.0,4538.400390625,-2296.800048828125,2131.2001953125,0.0,-2919.488037109375,0.0,-7136.09619140625,851.8399658203125,2245.760009765625,-7399.39208984375,8576.4794921875,0.0,5151.024460437737,0.0,9964.112931217194,1521.1204184313453,5687.40228864364,9729.191551802453,9809.443070020607
1781983258.5665367,49252.148329588,0.0,-2215.2001953125,0.0,6201.60009765625,-1260.0,2589.60009765625,5889.60009765625,-4257.60009765625,0.0,-3614.400146484375,0.0,3141.60009765625,21.600000381469727,4536.0,-2292.0,2131.2001953125,0.0,-2919.488037109375,0.0,-7132.22412109375,855.7119750976562,2249.632080078125,-7399.39208984375,8572.6083984375,0.0,5147.272163296163,0.0,9959.82509175514,1523.2562306920038,5687.017598135062,9730.96380681558,9806.058719843753
1781983258.5819576,49252.163749517,0.0,-2222.400146484375,0.0,6199.2001953125,-1260.0,2592.0,5887.2001953125,-4257.60009765625,0.0,-3612.000244140625,0.0,3139.2001953125,19.200000762939453,4536.0,-2289.60009765625,2131.2001953125,0.0,-2919.488037109375,0.0,-7128.35205078125,855.7119750976562,2245.760009765625,-7395.52001953125,8580.3515625,0.0,5148.690957281322,0.0,9954.801047117408,1523.2240886865036,5686.580520968862,9726.001804758343,9812.828633995334
1781983258.596524,49252.178316929,0.0,-2217.60009765625,0.0,6199.2001953125,-1260.0,2589.60009765625,5887.2001953125,-4255.2001953125,0.0,-3614.400146484375,0.0,3146.400146484375,19.200000762939453,4538.400390625,-2292.0,2131.2001953125,0.0,-2915.615966796875,0.0,-7136.09619140625,855.7119750976562,2249.632080078125,-7399.39208984375,8576.4794921875,0.0,5146.1106748565135,0.0,9962.619424446677,1523.2240886865036,5688.932348615427,9729.511469695166,9808.401676858484
1781983258.612753,49252.194546063,0.0,-2222.400146484375,0.0,6199.2001953125,-1262.4000244140625,2589.60009765625,5884.80029296875,-4257.60009765625,0.0,-3619.2001953125,0.0,3146.400146484375,19.200000762939453,4533.60009765625,-2292.0,2133.60009765625,0.0,-2915.615966796875,0.0,-7136.09619140625,847.968017578125,2253.50390625,-7391.64794921875,8580.3515625,0.0,5151.55208948572,0.0,9962.619424446677,1520.878765880206,5686.636823882287,9722.170431200784,9813.350136644338
1781983258.6309156,49252.212708259,0.0,-2220.0,0.0,6196.80029296875,-1260.0,2589.60009765625,5892.0,-4257.60009765625,0.0,-3612.000244140625,0.0,3141.60009765625,19.200000762939453,4533.60009765625,-2289.60009765625,2131.2001953125,0.0,-2923.35986328125,0.0,-7128.35205078125,851.8399658203125,2257.3759765625,-7383.90380859375,8580.3515625,0.0,5149.85229437852,0.0,9954.063893928378,1521.0522566296163,5688.172361208081,9720.080661278114,9812.828633995334
1781983258.6432714,49252.22506463,0.0,-2217.60009765625,0.0,6201.60009765625,-1264.800048828125,2592.0,5889.60009765625,-4257.60009765625,0.0,-3612.000244140625,0.0,3146.400146484375,19.200000762939453,4536.0,-2294.400146484375,2128.800048828125,0.0,-2915.615966796875,0.0,-7128.35205078125,851.8399658203125,2253.50390625,-7395.52001953125,8576.4794921875,0.0,5144.425373415171,0.0,9958.568200947571,1525.030862282359,5689.643209858067,9728.585596158751,9808.921893835524
1781983258.6541731,49252.23596593,0.0,-2220.0,0.0,6199.2001953125,-1264.800048828125,2589.60009765625,5887.2001953125,-4262.400390625,0.0,-3612.000244140625,0.0,3146.400146484375,16.80000114440918,4538.400390625,-2287.2001953125,2131.2001953125,0.0,-2915.615966796875,0.0,-7128.35205078125,851.8399658203125,2245.760009765625,-7391.64794921875,8576.4794921875,0.0,5145.460351563581,0.0,9957.073862497791,1525.0025347266906,5687.40228864364,9722.493007367751,9811.527497918607
1781983258.6640854,49252.245877225,0.0,-2215.2001953125,0.0,6199.2001953125,-1262.4000244140625,2589.60009765625,5887.2001953125,-4262.400390625,0.0,-3614.400146484375,0.0,3146.400146484375,16.80000114440918,4538.400390625,-2292.0,2128.800048828125,0.0,-2911.743896484375,0.0,-7124.47998046875,855.7119750976562,2249.632080078125,-7391.64794921875,8584.2236328125,0.0,5142.883708867314,0.0,9954.302182245596,1525.1816436099045,5688.932348615427,9723.623272467794,9817.776841832749
1781983258.6760309,49252.257823789,0.0,-2220.0,0.0,6199.2001953125,-1264.800048828125,2589.60009765625,5887.2001953125,-4257.60009765625,0.0,-3612.000244140625,0.0,3144.000244140625,21.600000381469727,4536.0,-2289.60009765625,2131.2001953125,0.0,-2919.488037109375,0.0,-7132.22412109375,840.2239990234375,2253.50390625,-7391.64794921875,8576.4794921875,0.0,5147.655404404678,0.0,9959.08838750969,1518.6053114838774,5688.550300495309,9723.057860162347,9809.443070020607
1781983258.6876235,49252.269415738,0.0,-2220.0,0.0,6196.80029296875,-1257.60009765625,2589.60009765625,5884.80029296875,-4257.60009765625,0.0,-3616.800048828125,0.0,3146.400146484375,26.400001525878906,4538.400390625,-2292.0,2131.2001953125,0.0,-2915.615966796875,0.0,-7136.09619140625,847.968017578125,2249.632080078125,-7395.52001953125,8572.6083984375,0.0,5148.830843894952,0.0,9961.12627195024,1517.0051827666744,5688.932348615427,9725.114644435436,9806.058719843753
1781983258.6987717,49252.280564556,0.0,-2217.60009765625,0.0,6199.2001953125,-1260.0,2594.400146484375,5887.2001953125,-4255.2001953125,0.0,-3614.400146484375,0.0,3146.400146484375,21.600000381469727,4538.400390625,-2289.60009765625,2131.2001953125,0.0,-2923.35986328125,0.0,-7136.09619140625,851.8399658203125,2253.50390625,-7395.52001953125,8572.6083984375,0.0,5150.502063126958,0.0,9962.619424446677,1521.084444528058,5692.650532149967,9726.001804758343,9805.016967229009
1781983258.711376,49252.293169075,0.0,-2220.0,0.0,6201.60009765625,-1262.4000244140625,2587.2001953125,5892.0,-4257.60009765625,0.0,-3614.400146484375,0.0,3148.800048828125,19.200000762939453,4538.400390625,-2296.800048828125,2131.2001953125,0.0,-2915.615966796875,0.0,-7132.22412109375,847.968017578125,2245.760009765625,-7391.64794921875,8572.6083984375,0.0,5147.14531412774,0.0,9962.09849541057,1520.878765880206,5686.309961452391,9727.66230239756,9806.058719843753
1781983258.724236,49252.306027819,0.0,-2220.0,0.0,6199.2001953125,-1262.4000244140625,2592.0,5884.80029296875,-4255.2001953125,0.0,-3612.000244140625,0.0,3146.400146484375,19.200000762939453,4536.0,-2292.0,2131.2001953125,0.0,-2915.615966796875,0.0,-7139.9677734375,844.0960083007812,2249.632080078125,-7403.26416015625,8576.4794921875,0.0,5145.460351563581,0.0,9965.392955076357,1518.7233233539398,5688.110801990115,9731.005020714927,9808.401676858484
1781983258.7371976,49252.318989748,0.0,-2220.0,0.0,6201.60009765625,-1255.2000732421875,2587.2001953125,5887.2001953125,-4255.2001953125,0.0,-3614.400146484375,0.0,3144.000244140625,19.200000762939453,4538.400390625,-2289.60009765625,2128.800048828125,0.0,-2919.488037109375,0.0,-7132.22412109375,851.8399658203125,2253.50390625,-7395.52001953125,8576.4794921875,0.0,5149.3396487055525,0.0,9960.582423729942,1517.0785053072373,5689.372795988517,9726.001804758343,9807.880445335319
1781983258.747898,49252.329690336,0.0,-2215.2001953125,0.0,6199.2001953125,-1262.4000244140625,2589.60009765625,5880.0,-4260.0,0.0,-3612.000244140625,0.0,3144.000244140625,21.600000381469727,4531.2001953125,-2289.60009765625,2131.2001953125,0.0,-2911.743896484375,0.0,-7132.22412109375,847.968017578125,2249.632080078125,-7391.64794921875,8572.6083984375,0.0,5141.19734961599,0.0,9959.08838750969,1520.9109574503302,5683.189981999364,9718.69991369099,9807.100949080783
1781983258.760313,49252.34210588,0.0,-2212.800048828125,0.0,6199.2001953125,-1257.60009765625,2589.60009765625,5887.2001953125,-4260.0,0.0,-3614.400146484375,0.0,3146.400146484375,21.600000381469727,4538.400390625,-2289.60009765625,2128.800048828125,0.0,-2915.615966796875,0.0,-7128.35205078125,847.968017578125,2245.760009765625,-7391.64794921875,8572.6083984375,0.0,5144.044025943101,0.0,9957.073862497791,1516.929241750209,5687.40228864364,9723.057860162347,9806.579648422368
1781983258.771919,49252.353711382,0.0,-2215.2001953125,0.0,6199.2001953125,-1260.0,2587.2001953125,5889.60009765625,-4250.400390625,0.0,-3616.800048828125,0.0,3141.60009765625,19.200000762939453,4536.0,-2292.0,2131.2001953125,0.0,-2919.488037109375,0.0,-7139.9677734375,851.8399658203125,2249.632080078125,-7391.64794921875,8572.6083984375,0.0,5148.957651538845,0.0,9963.878463775156,1521.0522566296163,5685.925197040642,9725.076488928109,9802.934892474108
1781983258.782665,49252.364457659,0.0,-2217.60009765625,0.0,6196.80029296875,-1262.4000244140625,2584.800048828125,5884.80029296875,-4255.2001953125,0.0,-3614.400146484375,0.0,3144.000244140625,19.200000762939453,4533.60009765625,-2287.2001953125,2128.800048828125,0.0,-2919.488037109375,0.0,-7128.35205078125,855.7119750976562,2245.760009765625,-7395.52001953125,8568.736328125,0.0,5148.305450423084,0.0,9954.821664197261,1525.2099678390036,5681.387080577519,9723.984552684673,9801.110172373703
1781983258.7952094,49252.37701069,0.0,-2222.400146484375,0.0,6199.2001953125,-1262.4000244140625,2587.2001953125,5882.400390625,-4257.60009765625,0.0,-3614.400146484375,0.0,3148.800048828125,21.600000381469727,4536.0,-2289.60009765625,2128.800048828125,0.0,-2915.615966796875,0.0,-7136.09619140625,847.968017578125,2245.760009765625,-7395.52001953125,8572.6083984375,0.0,5148.180969608675,0.0,9963.377623179065,1520.9109574503302,5684.394327638393,9723.097208302515,9805.537363776362
1781983258.8071697,49252.388962075,0.0,-2222.400146484375,0.0,6201.60009765625,-1262.4000244140625,2592.0,5884.80029296875,-4250.400390625,0.0,-3614.400146484375,0.0,3141.60009765625,21.600000381469727,4536.0,-2292.0,2131.2001953125,0.0,-2915.615966796875,0.0,-7136.09619140625,847.968017578125,2245.760009765625,-7395.52001953125,8572.6083984375,0.0,5148.180969608675,0.0,9962.598245329707,1520.9109574503302,5686.580520968862,9725.114644435436,9802.934892474108
1781983258.8188326,49252.400625422,0.0,-2215.2001953125,0.0,6199.2001953125,-1264.800048828125,2592.0,5887.2001953125,-4257.60009765625,0.0,-3616.800048828125,0.0,3144.000244140625,19.200000762939453,4538.400390625,-2292.0,2133.60009765625,0.0,-2919.488037109375,0.0,-7132.22412109375,847.968017578125,2241.887939453125,-7399.39208984375,8568.736328125,0.0,5148.957651538845,0.0,9959.08838750969,1522.8714858386113,5686.967877409766,9729.511469695166,9803.19591914853
1781983258.833605,49252.415398226,0.0,-2217.60009765625,0.0,6199.2001953125,-1262.4000244140625,2587.2001953125,5884.80029296875,-4257.60009765625,0.0,-3616.800048828125,0.0,3144.000244140625,21.600000381469727,4538.400390625,-2292.0,2128.800048828125,0.0,-2919.488037109375,0.0,-7132.22412109375,851.8399658203125,2241.887939453125,-7395.52001953125,8568.736328125,0.0,5149.990600491703,0.0,9959.08838750969,1523.0731134866298,5684.781833044744,9725.114644435436,9802.152340194589
1781983258.8506227,49252.432415465,0.0,-2217.60009765625,0.0,6194.400390625,-1260.0,2592.0,5887.2001953125,-4255.2001953125,0.0,-3612.000244140625,0.0,3144.000244140625,16.80000114440918,4533.60009765625,-2292.0,2128.800048828125,0.0,-2911.743896484375,0.0,-7128.35205078125,847.968017578125,2253.50390625,-7391.64794921875,8576.4794921875,0.0,5142.231857424455,0.0,9953.327920570522,1518.8587817416824,5687.7301009236335,9723.623272467794,9807.880445335319
1781983258.8640785,49252.445871244,0.0,-2220.0,0.0,6196.80029296875,-1260.0,2592.0,5884.80029296875,-4255.2001953125,0.0,-3612.000244140625,0.0,3141.60009765625,21.600000381469727,4540.80029296875,-2287.2001953125,2136.0,0.0,-2911.743896484375,0.0,-7136.09619140625,851.8399658203125,2249.632080078125,-7387.77587890625,8580.3515625,0.0,5143.267276973455,0.0,9959.611131843158,1521.084444528058,5691.939546089867,9718.09609226579,9812.831275339637
1781983258.8791902,49252.460983015,0.0,-2215.2001953125,0.0,6199.2001953125,-1262.4000244140625,2592.0,5884.80029296875,-4257.60009765625,0.0,-3612.000244140625,0.0,3148.800048828125,19.200000762939453,4536.0,-2292.0,2133.60009765625,0.0,-2915.615966796875,0.0,-7132.22412109375,855.7119750976562,2245.760009765625,-7391.64794921875,8572.6083984375,0.0,5143.391306796067,0.0,9960.60468659278,1525.2099678390036,5686.580520968862,9722.170431200784,9806.580582508994
1781983258.892793,49252.474585572,0.0,-2215.2001953125,0.0,6194.400390625,-1267.2000732421875,2592.0,5889.60009765625,-4255.2001953125,0.0,-3612.000244140625,0.0,3141.60009765625,19.200000762939453,4540.80029296875,-2292.0,2131.2001953125,0.0,-2919.488037109375,0.0,-7132.22412109375,851.8399658203125,2241.887939453125,-7391.64794921875,8572.6083984375,0.0,5145.587242269751,0.0,9955.343705090268,1527.0219359993011,5688.883267715243,9725.076488928109,9805.016967229009
1781983258.9058547,49252.487647543,0.0,-2217.60009765625,0.0,6201.60009765625,-1260.0,2589.60009765625,5884.80029296875,-4255.2001953125,0.0,-3616.800048828125,0.0,3146.400146484375,19.200000762939453,4533.60009765625,-2287.2001953125,2131.2001953125,0.0,-2915.615966796875,0.0,-7128.35205078125,847.968017578125,2245.760009765625,-7387.77587890625,8576.4794921875,0.0,5147.796543393009,0.0,9958.568200947571,1518.8872238795982,5683.572514951536,9718.09609226579,9808.401676858484
1781983258.9277968,49252.509589935,0.0,-2220.0,0.0,6199.2001953125,-1262.4000244140625,2592.0,5887.2001953125,-4255.2001953125,0.0,-3612.000244140625,0.0,3141.60009765625,19.200000762939453,4540.80029296875,-2292.0,2131.2001953125,0.0,-2911.743896484375,0.0,-7136.09619140625,855.7119750976562,2245.760009765625,-7399.39208984375,8576.4794921875,0.0,5143.267276973455,0.0,9961.104511456502,1525.2099678390036,5690.410294705259,9729.511469695166,9808.401676858484
1781983258.9485176,49252.530310522,0.0,-2212.800048828125,0.0,6196.80029296875,-1264.800048828125,2592.0,5887.2001953125,-4255.2001953125,0.0,-3614.400146484375,0.0,3148.800048828125,16.80000114440918,4536.0,-2292.0,2126.400146484375,0.0,-2919.488037109375,0.0,-7128.35205078125,851.8399658203125,2249.632080078125,-7395.52001953125,8576.4794921875,0.0,5146.239682897093,0.0,9956.338613080356,1525.0025347266906,5688.110801990115,9726.567045930185,9807.359826429796
1781983258.9686801,49252.550473406,0.0,-2220.0,0.0,6196.80029296875,-1264.800048828125,2587.2001953125,5887.2001953125,-4260.0,0.0,-3616.800048828125,0.0,3141.60009765625,21.600000381469727,4533.60009765625,-2292.0,2128.800048828125,0.0,-2919.488037109375,0.0,-7128.35205078125,847.968017578125,2253.50390625,-7391.64794921875,8572.6083984375,0.0,5151.024460437737,0.0,9954.063893928378,1522.903635286055,5685.544349627202,9723.623272467794,9806.579648422368
1781983258.9936965,49252.575490185,0.0,-2215.2001953125,0.0,6201.60009765625,-1264.800048828125,2592.0,5884.80029296875,-4255.2001953125,0.0,-3607.2001953125,0.0,3151.2001953125,19.200000762939453,4533.60009765625,-2292.0,2128.800048828125,0.0,-2923.35986328125,0.0,-7132.22412109375,847.968017578125,2249.632080078125,-7399.39208984375,8572.6083984375,0.0,5144.418144418166,0.0,9962.857389107758,1522.8714858386113,5686.1971774803405,9728.059507803566,9804.495555766209
1781983259.0117428,49252.593535576,0.0,-2220.0,0.0,6196.80029296875,-1262.4000244140625,2594.400146484375,5882.400390625,-4255.2001953125,0.0,-3616.800048828125,0.0,3146.400146484375,24.0,4538.400390625,-2294.400146484375,2133.60009765625,0.0,-2911.743896484375,0.0,-7132.22412109375,855.7119750976562,2253.50390625,-7399.39208984375,8572.6083984375,0.0,5146.639205531814,0.0,9958.3527084677,1525.277943840452,5692.650532149967,9727.17377695366,9805.538885337586
1781983259.0279915,49252.609784693,0.0,-2215.2001953125,0.0,6204.00048828125,-1262.4000244140625,2587.2001953125,5882.400390625,-4252.80029296875,0.0,-3614.400146484375,0.0,3144.000244140625,16.80000114440918,4533.60009765625,-2292.0,2128.800048828125,0.0,-2911.743896484375,0.0,-7136.09619140625,844.0960083007812,2249.632080078125,-7387.77587890625,8572.6083984375,0.0,5142.883708867314,0.0,9964.8496449647,1518.6948781464928,5684.010836707688,9717.773962825755,9803.45422454386
1781983259.0441039,49252.625896113,0.0,-2215.2001953125,0.0,6196.80029296875,-1264.800048828125,2592.0,5884.80029296875,-4252.80029296875,0.0,-3612.000244140625,0.0,3144.000244140625,24.0,4536.0,-2292.0,2131.2001953125,0.0,-2919.488037109375,0.0,-7132.22412109375,844.0960083007812,2241.887939453125,-7391.64794921875,8576.4794921875,0.0,5145.587242269751,0.0,9957.594705530317,1520.7870445085136,5685.0524652869635,9722.170431200784,9807.360760382371
1781983259.0595453,49252.641337983,0.0,-2215.2001953125,0.0,6201.60009765625,-1264.800048828125,2589.60009765625,5887.2001953125,-4255.2001953125,0.0,-3614.400146484375,0.0,3144.000244140625,19.200000762939453,4536.0,-2289.60009765625,2128.800048828125,0.0,-2919.488037109375,0.0,-7132.22412109375,851.8399658203125,2249.632080078125,-7391.64794921875,8568.736328125,0.0,5147.272163296163,0.0,9960.582423729942,1525.030862282359,5687.017598135062,9723.057860162347,9801.110172373703
1781983259.0731828,49252.654974426,0.0,-2217.60009765625,0.0,6196.80029296875,-1257.60009765625,2589.60009765625,5884.80029296875,-4257.60009765625,0.0,-3612.000244140625,0.0,3141.60009765625,21.600000381469727,4536.0,-2292.0,2131.2001953125,0.0,-2919.488037109375,0.0,-7136.09619140625,847.968017578125,2245.760009765625,-7395.52001953125,8572.6083984375,0.0,5146.620867678296,0.0,9959.611131843158,1516.929241750209,5685.48702287181,9725.114644435436,9806.058719843753
1781983259.0886304,49252.670423841,0.0,2.39990234375,0.0,2.39990234375,0.0,-2.39990234375,2.39990234375,0.0,0.0,0.0,0.0,-2.39990234375,-2.3999996185302734,0.0,0.0,0.0,0.0,7.744140625,0.0,3.8720703125,0.0,3.8720703125,3.8720703125,0.0,0.0,8.107481002807617,0.0,5.148979663848877,2.3999996185302734,4.555486679077148,4.555486679077148,0.0
1781983259.112531,49252.694323333,0.0,-2.39990234375,0.0,-2.39990234375,-4.7999267578125,0.0,-2.39990234375,7.19970703125,0.0,-2.39990234375,0.0,2.400146484375,0.0,-2.39990234375,0.0,-2.400146484375,0.0,0.0,0.0,7.744140625,7.74395751953125,3.8720703125,3.8720703125,0.0,0.0,3.3939743041992188,0.0,8.455291748046875,9.110882759094238,4.555486679077148,4.555486679077148,7.589234828948975
1781983259.1420736,49252.723866433,0.0,2.39990234375,0.0,2.39990234375,-4.7999267578125,0.0,0.0,0.0,0.0,0.0,0.0,2.400146484375,-4.799999237060547,0.0,0.0,-4.800048828125,0.0,7.744140625,0.0,3.8720703125,-3.87200927734375,3.8720703125,7.744140625,0.0,0.0,8.107481002807617,0.0,5.149093151092529,7.814841270446777,3.8720703125,7.744140625,4.800048828125
1781983259.1652997,49252.747091903,0.0,-2.39990234375,0.0,0.0,-2.39990234375,2.39990234375,2.39990234375,0.0,0.0,0.0,0.0,0.0,0.0,0.0,-2.400146484375,2.39990234375,0.0,0.0,0.0,11.6162109375,3.8719482421875,0.0,0.0,3.87109375,0.0,2.39990234375,0.0,11.6162109375,4.555383205413818,2.39990234375,3.3941469192504883,4.554656505584717
1781983259.1884887,49252.770281814,0.0,2.39990234375,0.0,0.0,-7.199951171875,2.39990234375,-4.80029296875,0.0,0.0,-4.7998046875,0.0,2.400146484375,0.0,0.0,0.0,0.0,0.0,3.8720703125,0.0,3.8720703125,7.74395751953125,7.743896484375,-3.8720703125,0.0,0.0,6.617445468902588,0.0,4.555615425109863,10.573938369750977,8.107247352600098,6.167312145233154,0.0
1781983259.2117226,49252.793515248,0.0,0.0,0.0,0.0,-7.199951171875,4.800048828125,0.0,2.39990234375,0.0,2.400146484375,0.0,2.400146484375,-2.3999996185302734,-2.39990234375,0.0,-2.400146484375,0.0,3.8720703125,0.0,7.744140625,7.74395751953125,3.8720703125,0.0,-3.8720703125,0.0,4.555615425109863,0.0,8.107552528381348,10.842885971069336,6.617622375488281,0.0,5.149093151092529
1781983259.237879,49252.81967182,0.0,-4.800048828125,0.0,0.0,-2.39990234375,-2.39990234375,2.39990234375,0.0,0.0,2.400146484375,0.0,4.800048828125,-4.799999237060547,0.0,-2.400146484375,0.0,0.0,0.0,0.0,-3.87158203125,0.0,3.8720703125,0.0,-3.8720703125,0.0,5.366672039031982,0.0,6.166815757751465,5.366518974304199,4.555486679077148,3.3941469192504883,3.8720703125
1781983259.261152,49252.842944376,0.0,2.39990234375,0.0,0.0,-2.39990234375,-2.39990234375,0.0,2.39990234375,0.0,0.0,0.0,2.400146484375,0.0,0.0,4.7998046875,0.0,0.0,3.8720703125,0.0,3.8720703125,0.0,0.0,0.0,-3.8720703125,0.0,4.555486679077148,0.0,4.555615425109863,2.39990234375,2.39990234375,4.7998046875,4.555486679077148
1781983259.2800481,49252.861840051,0.0,0.0,0.0,0.0,-9.5999755859375,2.39990234375,2.39990234375,-2.39990234375,0.0,0.0,0.0,0.0,-2.3999996185302734,0.0,4.7998046875,0.0,0.0,3.8720703125,0.0,7.744140625,0.0,0.0,3.8720703125,0.0,0.0,3.8720703125,0.0,7.744140625,9.895429611206055,2.39990234375,6.617445468902588,2.39990234375
1781983259.3031156,49252.884907774,0.0,4.800048828125,0.0,0.0,-4.7999267578125,2.39990234375,-2.39990234375,4.7998046875,0.0,-2.39990234375,0.0,4.800048828125,-4.799999237060547,2.400390625,0.0,-2.400146484375,0.0,11.615966796875,0.0,3.8720703125,3.8719482421875,3.8720703125,3.8720703125,0.0,0.0,12.79572868347168,0.0,6.1671223640441895,7.8148112297058105,5.14920711517334,4.555486679077148,5.366454124450684
1781983259.3263166,49252.908109351,0.0,0.0,0.0,4.7998046875,-7.199951171875,2.39990234375,2.39990234375,0.0,0.0,2.400146484375,0.0,-2.39990234375,-4.799999237060547,0.0,0.0,-2.400146484375,0.0,3.8720703125,0.0,3.8720703125,3.8719482421875,0.0,3.8720703125,0.0,0.0,4.555615425109863,0.0,6.617445468902588,9.480046272277832,2.39990234375,4.555486679077148,2.400146484375
1781983259.348262,49252.930054822,0.0,2.39990234375,0.0,2.39990234375,-2.39990234375,0.0,-4.80029296875,0.0,0.0,-7.199951171875,0.0,0.0,-2.3999996185302734,2.400390625,0.0,-2.400146484375,0.0,3.8720703125,0.0,3.8720703125,3.8719482421875,3.8720703125,3.8720703125,-7.744140625,0.0,8.520079612731934,0.0,4.555486679077148,5.148932933807373,4.55574369430542,6.167312145233154,8.107552528381348
1781983259.3707128,49252.95250546,0.0,-2.39990234375,0.0,4.7998046875,-4.7999267578125,0.0,0.0,4.7998046875,0.0,-4.7998046875,0.0,7.199951171875,0.0,2.400390625,0.0,2.39990234375,0.0,7.744140625,0.0,15.48828125,3.8719482421875,0.0,7.744140625,-3.8720703125,0.0,9.42175006866455,0.0,17.74159812927246,6.166950702667236,2.400390625,7.744140625,6.617445468902588
1781983259.390894,49252.972686233,0.0,-4.800048828125,0.0,2.39990234375,-2.39990234375,2.39990234375,0.0,2.39990234375,0.0,-2.39990234375,0.0,4.800048828125,-2.3999996185302734,2.400390625,0.0,-2.400146484375,0.0,7.744140625,0.0,3.8720703125,0.0,7.743896484375,0.0,-3.8720703125,0.0,9.421874046325684,0.0,6.617622375488281,3.394043207168579,8.455137252807617,0.0,5.149093151092529
1781983259.4136367,49252.99542945,0.0,2.39990234375,0.0,0.0,-7.199951171875,2.39990234375,-2.39990234375,2.39990234375,0.0,0.0,0.0,2.400146484375,0.0,2.400390625,0.0,-2.400146484375,0.0,0.0,0.0,0.0,3.8719482421875,0.0,0.0,0.0,0.0,2.39990234375,0.0,2.400146484375,8.175040245056152,3.394319772720337,2.39990234375,3.3941469192504883
1781983259.4330065,49253.014798784,0.0,-4.800048828125,0.0,0.0,-7.199951171875,0.0,0.0,2.39990234375,0.0,0.0,0.0,2.400146484375,0.0,-2.39990234375,-2.400146484375,-2.400146484375,0.0,7.744140625,0.0,3.8720703125,3.8719482421875,3.8720703125,0.0,0.0,0.0,9.111102104187012,0.0,4.555615425109863,8.175040245056152,4.555486679077148,2.400146484375,3.3941469192504883
1781983259.4560316,49253.037824102,0.0,4.800048828125,0.0,4.7998046875,-2.39990234375,-2.39990234375,-2.39990234375,2.39990234375,0.0,-4.7998046875,0.0,2.400146484375,0.0,-2.39990234375,0.0,-2.400146484375,0.0,7.744140625,0.0,-3.87158203125,3.8719482421875,3.8720703125,0.0,-3.8720703125,0.0,10.298072814941406,0.0,6.61724853515625,4.555383205413818,5.148979663848877,2.39990234375,5.149093151092529
1781983259.477003,49253.058794727,0.0,0.0,0.0,2.39990234375,-9.5999755859375,0.0,0.0,0.0,0.0,0.0,0.0,0.0,2.3999996185302734,2.400390625,-4.800048828125,0.0,0.0,3.8720703125,0.0,7.744140625,3.8719482421875,0.0,7.744140625,0.0,0.0,3.8720703125,0.0,8.107481002807617,10.625982284545898,2.400390625,9.111102104187012,0.0
1781983259.5109966,49253.092789182,0.0,-2.39990234375,0.0,-2.39990234375,-4.7999267578125,0.0,0.0,2.39990234375,0.0,-2.39990234375,0.0,2.400146484375,2.3999996185302734,2.400390625,0.0,0.0,0.0,3.8720703125,0.0,3.8720703125,0.0,3.8720703125,3.8720703125,-7.744140625,0.0,5.148979663848877,0.0,5.149093151092529,5.36649751663208,4.55574369430542,3.8720703125,8.107481002807617
1781983259.5309906,49253.112783006,0.0,2.39990234375,0.0,-2.39990234375,-7.199951171875,4.800048828125,-2.39990234375,4.7998046875,0.0,-2.39990234375,0.0,2.400146484375,0.0,-2.39990234375,-2.400146484375,0.0,0.0,3.8720703125,0.0,3.8720703125,0.0,3.8720703125,0.0,-3.8720703125,0.0,5.148979663848877,0.0,5.149093151092529,7.199951171875,6.617622375488281,3.3941469192504883,6.166932106018066
1781983259.552168,49253.133960631,0.0,2.39990234375,0.0,2.39990234375,0.0,-2.39990234375,-2.39990234375,2.39990234375,0.0,-2.39990234375,0.0,2.400146484375,0.0,-2.39990234375,0.0,2.39990234375,0.0,7.744140625,0.0,0.0,-3.87200927734375,0.0,0.0,-3.8720703125,0.0,8.455222129821777,0.0,3.3941469192504883,3.87200927734375,3.3939743041992188,2.39990234375,5.148979663848877
1781983259.5744283,49253.156221735,0.0,-2.39990234375,0.0,0.0,-2.39990234375,0.0,2.39990234375,2.39990234375,0.0,-4.7998046875,0.0,2.400146484375,0.0,4.80029296875,0.0,0.0,0.0,7.744140625,0.0,11.6162109375,3.8719482421875,0.0,7.744140625,3.87109375,0.0,9.42175006866455,0.0,11.861578941345215,4.555383205413818,4.80029296875,8.107481002807617,4.554656505584717
1781983259.5996096,49253.181402205,0.0,2.39990234375,0.0,0.0,0.0,0.0,0.0,2.39990234375,0.0,0.0,0.0,0.0,-2.3999996185302734,-4.7998046875,0.0,0.0,0.0,7.744140625,0.0,-3.87158203125,3.8719482421875,0.0,0.0,3.87109375,0.0,8.107481002807617,0.0,3.87158203125,4.555434226989746,4.7998046875,0.0,4.554656505584717
1781983259.622226,49253.204018624,0.0,2.39990234375,0.0,0.0,-4.7999267578125,-2.39990234375,0.0,4.7998046875,0.0,2.400146484375,0.0,0.0,-2.3999996185302734,0.0,2.39990234375,0.0,0.0,0.0,0.0,3.8720703125,0.0,3.8720703125,0.0,0.0,0.0,3.3941469192504883,0.0,3.8720703125,5.36649751663208,4.555486679077148,2.39990234375,4.7998046875
1781983259.644195,49253.225987917,0.0,0.0,0.0,0.0,0.0,2.39990234375,0.0,0.0,0.0,-2.39990234375,0.0,2.400146484375,0.0,0.0,4.7998046875,-4.800048828125,0.0,11.615966796875,0.0,3.8720703125,0.0,0.0,0.0,-3.8720703125,0.0,11.86129093170166,0.0,4.555615425109863,0.0,2.39990234375,4.7998046875,6.1671223640441895
1781983259.6650393,49253.246832163,0.0,2.39990234375,0.0,0.0,-4.7999267578125,0.0,-2.39990234375,4.7998046875,0.0,0.0,0.0,2.400146484375,0.0,2.400390625,0.0,0.0,0.0,7.744140625,0.0,7.744140625,0.0,7.743896484375,7.744140625,-3.8720703125,0.0,8.107481002807617,0.0,8.107552528381348,4.7999267578125,8.107392311096191,8.107481002807617,6.166932106018066
1781983259.6873991,49253.269190934,0.0,-2.39990234375,0.0,0.0,-4.7999267578125,0.0,2.39990234375,4.7998046875,0.0,-2.39990234375,0.0,4.800048828125,0.0,0.0,0.0,-2.400146484375,0.0,-3.871826171875,0.0,3.8720703125,3.8719482421875,7.743896484375,7.744140625,0.0,0.0,5.148796081542969,0.0,6.1671223640441895,6.166950702667236,7.743896484375,8.107481002807617,5.366454124450684
1781983259.7075863,49253.289378903,0.0,-2.39990234375,0.0,-4.7998046875,-4.7999267578125,4.800048828125,-2.39990234375,0.0,0.0,0.0,0.0,2.400146484375,-2.3999996185302734,-2.39990234375,2.39990234375,-2.400146484375,0.0,3.8720703125,0.0,11.6162109375,3.8719482421875,-3.8720703125,0.0,-7.744140625,0.0,4.555486679077148,0.0,12.795905113220215,6.61749792098999,6.617622375488281,3.3939743041992188,8.107552528381348
1781983259.72961,49253.311402339,0.0,0.0,0.0,-2.39990234375,-7.199951171875,2.39990234375,-4.80029296875,0.0,0.0,-2.39990234375,0.0,0.0,2.3999996185302734,0.0,-2.400146484375,-2.400146484375,0.0,3.8720703125,0.0,3.8720703125,3.8719482421875,0.0,3.8720703125,-7.744140625,0.0,4.555486679077148,0.0,4.555486679077148,8.520051956176758,2.39990234375,6.6178879737854,8.107552528381348
1781983259.7499323,49253.331724581,0.0,2.39990234375,0.0,4.7998046875,-7.199951171875,2.39990234375,-2.39990234375,4.7998046875,0.0,0.0,0.0,0.0,-4.799999237060547,4.80029296875,7.199951171875,2.39990234375,0.0,3.8720703125,0.0,11.6162109375,0.0,3.8720703125,7.744140625,-7.744140625,0.0,4.555486679077148,0.0,12.568790435791016,8.653282165527344,6.617799758911133,10.842994689941406,9.42175006866455
1781983259.7724328,49253.35422517,0.0,0.0,0.0,0.0,-4.7999267578125,-2.39990234375,0.0,4.7998046875,0.0,0.0,0.0,2.400146484375,2.3999996185302734,0.0,0.0,0.0,0.0,3.8720703125,0.0,11.6162109375,0.0,3.8720703125,3.8720703125,0.0,0.0,3.8720703125,0.0,11.861578941345215,5.36649751663208,4.555486679077148,3.8720703125,4.7998046875
1781983259.7935214,49253.37531456,0.0,2.39990234375,0.0,-2.39990234375,-2.39990234375,0.0,0.0,4.7998046875,0.0,0.0,0.0,7.199951171875,2.3999996185302734,-2.39990234375,2.39990234375,-2.400146484375,0.0,7.744140625,0.0,7.744140625,0.0,-3.8720703125,3.8720703125,-3.8720703125,0.0,8.107481002807617,0.0,10.842994689941406,3.394043207168579,4.555486679077148,4.555486679077148,6.617534160614014
1781983259.812167,49253.393959711,0.0,0.0,0.0,4.7998046875,-7.199951171875,2.39990234375,2.39990234375,4.7998046875,0.0,0.0,0.0,2.400146484375,2.3999996185302734,0.0,-2.400146484375,-2.400146484375,0.0,0.0,0.0,0.0,0.0,0.0,0.0,-7.744140625,0.0,0.0,0.0,5.366454124450684,7.589419841766357,2.39990234375,3.3941469192504883,9.421812057495117
1781983259.8291643,49253.410956974,0.0,0.0,0.0,-2.39990234375,-2.39990234375,-2.39990234375,-2.39990234375,2.39990234375,0.0,-2.39990234375,0.0,2.400146484375,2.3999996185302734,2.400390625,-4.800048828125,0.0,0.0,3.8720703125,0.0,0.0,7.74395751953125,3.8720703125,0.0,-3.8720703125,0.0,4.555486679077148,0.0,3.3941469192504883,8.455081939697266,5.14920711517334,5.366562843322754,4.555486679077148
1781983259.85503,49253.436822224,0.0,-2.39990234375,0.0,-2.39990234375,-2.39990234375,0.0,0.0,0.0,0.0,-2.39990234375,0.0,7.199951171875,-4.799999237060547,4.80029296875,7.199951171875,0.0,0.0,0.0,0.0,3.8720703125,0.0,7.743896484375,3.8720703125,0.0,0.0,3.3939743041992188,0.0,8.520079612731934,5.366518974304199,9.11102294921875,8.175098419189453,0.0
1781983259.8787484,49253.460541194,0.0,2.39990234375,0.0,-2.39990234375,-2.39990234375,2.39990234375,-4.80029296875,-2.39990234375,0.0,0.0,0.0,2.400146484375,2.3999996185302734,0.0,4.7998046875,-4.800048828125,0.0,3.8720703125,0.0,3.8720703125,0.0,7.743896484375,3.8720703125,0.0,0.0,4.555486679077148,0.0,5.149093151092529,3.394043207168579,8.107247352600098,7.814976692199707,5.366562843322754
1781983259.9000907,49253.481883832,0.0,2.39990234375,0.0,-7.2001953125,0.0,-2.39990234375,-2.39990234375,2.39990234375,0.0,-2.39990234375,0.0,0.0,0.0,0.0,2.39990234375,-2.400146484375,0.0,7.744140625,0.0,3.8720703125,0.0,0.0,3.8720703125,-3.8720703125,0.0,8.455222129821777,0.0,8.175312995910645,0.0,2.39990234375,5.148979663848877,5.149093151092529
1781983259.921455,49253.503247148,0.0,0.0,0.0,0.0,-4.7999267578125,-4.800048828125,0.0,0.0,0.0,2.400146484375,0.0,0.0,2.3999996185302734,0.0,0.0,-2.400146484375,0.0,7.744140625,0.0,3.8720703125,3.8719482421875,3.8720703125,7.744140625,-3.8720703125,0.0,8.107552528381348,0.0,3.8720703125,6.61749792098999,6.1671223640441895,7.744140625,4.555615425109863
1781983259.9444814,49253.526273862,0.0,-2.39990234375,0.0,-2.39990234375,-4.7999267578125,0.0,0.0,2.39990234375,0.0,-2.39990234375,0.0,0.0,-2.3999996185302734,-2.39990234375,2.39990234375,4.7998046875,0.0,7.744140625,0.0,3.8720703125,3.8719482421875,0.0,3.8720703125,-7.744140625,0.0,8.455222129821777,0.0,4.555486679077148,6.61749792098999,2.39990234375,4.555486679077148,9.42175006866455
1781983259.9673114,49253.549104476,0.0,0.0,0.0,0.0,-2.39990234375,-2.39990234375,0.0,-2.39990234375,0.0,0.0,0.0,2.400146484375,0.0,0.0,4.7998046875,2.39990234375,0.0,0.0,0.0,7.744140625,3.8719482421875,-3.8720703125,3.8720703125,-3.8720703125,0.0,0.0,0.0,8.107552528381348,4.555383205413818,4.555486679077148,6.166932106018066,5.148979663848877
1781983259.9861207,49253.567913382,0.0,2.39990234375,0.0,0.0,0.0,0.0,-4.80029296875,4.7998046875,0.0,-4.7998046875,0.0,2.400146484375,-7.199999809265137,0.0,0.0,-2.400146484375,0.0,11.615966796875,0.0,7.744140625,-7.7440185546875,3.8720703125,7.744140625,-7.744140625,0.0,12.795637130737305,0.0,8.107552528381348,10.574015617370605,3.8720703125,9.111230850219727,9.421812057495117
1781983260.0094502,49253.591242878,0.0,-2.39990234375,0.0,0.0,-2.39990234375,0.0,-2.39990234375,4.7998046875,0.0,2.400146484375,0.0,4.800048828125,-2.3999996185302734,0.0,2.39990234375,2.39990234375,0.0,7.744140625,0.0,7.744140625,-3.87200927734375,-7.744140625,11.6162109375,-7.744140625,0.0,8.455291748046875,0.0,9.111102104187012,5.148979187011719,7.744140625,12.101876258850098,9.42175006866455
1781983260.0330892,49253.614881653,0.0,-2.39990234375,0.0,-2.39990234375,-2.39990234375,-2.39990234375,2.39990234375,2.39990234375,0.0,-2.39990234375,0.0,0.0,2.3999996185302734,0.0,0.0,-4.800048828125,0.0,3.8720703125,0.0,11.6162109375,0.0,7.743896484375,0.0,-3.8720703125,0.0,5.148979663848877,0.0,11.861530303955078,3.394043207168579,8.107247352600098,2.39990234375,6.617622375488281
1781983260.0540562,49253.635848301,0.0,2.39990234375,0.0,-2.39990234375,-4.7999267578125,0.0,0.0,2.39990234375,0.0,0.0,0.0,2.400146484375,-2.3999996185302734,-7.19970703125,2.39990234375,-2.400146484375,0.0,7.744140625,0.0,3.8720703125,0.0,3.8720703125,11.6162109375,-3.8720703125,0.0,8.107481002807617,0.0,5.149093151092529,5.36649751663208,8.174882888793945,11.861530303955078,5.149093151092529
1781983260.0759742,49253.65776639,0.0,-2.39990234375,0.0,-2.39990234375,-4.7999267578125,2.39990234375,0.0,2.39990234375,0.0,-2.39990234375,0.0,0.0,0.0,2.400390625,0.0,-4.800048828125,0.0,7.744140625,0.0,7.744140625,3.8719482421875,3.8720703125,0.0,-7.744140625,0.0,8.455222129821777,0.0,8.107481002807617,6.166950702667236,5.14920711517334,0.0,9.421874046325684
1781983260.0993257,49253.681119432,0.0,2.39990234375,0.0,-2.39990234375,-4.7999267578125,0.0,-4.80029296875,0.0,0.0,0.0,0.0,7.199951171875,-4.799999237060547,2.400390625,2.39990234375,-4.800048828125,0.0,11.615966796875,0.0,3.8720703125,-3.87200927734375,3.8720703125,11.6162109375,-7.744140625,0.0,11.86129093170166,0.0,8.520079612731934,7.814841270446777,4.55574369430542,12.796042442321777,9.111102104187012
1781983260.1255114,49253.707304583,0.0,-4.800048828125,0.0,-4.7998046875,-2.39990234375,-4.800048828125,-2.39990234375,4.7998046875,0.0,0.0,0.0,4.800048828125,-4.799999237060547,2.400390625,2.39990234375,0.0,0.0,7.744140625,0.0,7.744140625,0.0,-3.8720703125,0.0,-3.8720703125,0.0,9.111102104187012,0.0,10.298072814941406,5.366518974304199,6.617799758911133,3.3939743041992188,6.166932106018066
1781983260.1472087,49253.729011342,0.0,2.39990234375,0.0,-4.7998046875,-4.7999267578125,-2.39990234375,-4.80029296875,0.0,0.0,0.0,0.0,0.0,-2.3999996185302734,-4.7998046875,7.199951171875,2.39990234375,0.0,0.0,0.0,11.6162109375,3.8719482421875,3.8720703125,0.0,-3.8720703125,0.0,2.39990234375,0.0,12.568790435791016,6.61749792098999,6.617445468902588,8.65344524383545,4.555486679077148
1781983260.1679873,49253.749779864,0.0,2.39990234375,0.0,-7.2001953125,-7.199951171875,0.0,-2.39990234375,4.7998046875,0.0,2.400146484375,0.0,4.800048828125,-2.3999996185302734,-2.39990234375,0.0,-2.400146484375,0.0,3.8720703125,0.0,3.8720703125,7.74395751953125,0.0,7.744140625,-3.8720703125,0.0,5.149093151092529,0.0,9.480306625366211,10.842885971069336,2.39990234375,8.107481002807617,6.617534160614014
1781983260.190734,49253.772526649,0.0,2.39990234375,0.0,2.39990234375,-4.7999267578125,0.0,0.0,9.60009765625,0.0,0.0,0.0,2.400146484375,2.3999996185302734,-4.7998046875,2.39990234375,-2.400146484375,0.0,3.8720703125,0.0,7.744140625,3.8719482421875,0.0,0.0,-7.744140625,0.0,4.555486679077148,0.0,8.455291748046875,6.61749792098999,4.7998046875,2.39990234375,12.56559944152832
1781983260.214421,49253.796213698,0.0,2.39990234375,0.0,-2.39990234375,-7.199951171875,2.39990234375,2.39990234375,0.0,0.0,-4.7998046875,0.0,0.0,0.0,2.400390625,0.0,-4.800048828125,0.0,0.0,0.0,7.744140625,-3.87200927734375,3.8720703125,3.8720703125,-7.744140625,0.0,5.366344451904297,0.0,8.107481002807617,8.175068855285645,5.14920711517334,4.555486679077148,9.111102104187012
1781983260.235251,49253.817043697,0.0,2.39990234375,0.0,2.39990234375,-4.7999267578125,-4.800048828125,-4.80029296875,2.39990234375,0.0,0.0,0.0,2.400146484375,0.0,-7.19970703125,2.39990234375,-2.400146484375,0.0,0.0,0.0,7.744140625,-3.87200927734375,3.8720703125,0.0,-3.8720703125,0.0,2.39990234375,0.0,8.455291748046875,6.166988849639893,9.479935646057129,5.366781234741211,5.149093151092529
1781983260.2574255,49253.839218946,0.0,2.39990234375,0.0,-2.39990234375,-7.199951171875,0.0,-2.39990234375,4.7998046875,0.0,-2.39990234375,0.0,2.400146484375,0.0,-4.7998046875,0.0,-2.400146484375,0.0,0.0,0.0,7.744140625,0.0,3.8720703125,3.8720703125,-7.744140625,0.0,3.3939743041992188,0.0,8.455291748046875,7.199951171875,6.166932106018066,4.555486679077148,9.421812057495117
1781983260.278762,49253.860554183,0.0,0.0,0.0,-4.7998046875,-7.199951171875,-2.39990234375,-2.39990234375,2.39990234375,0.0,4.800048828125,0.0,2.400146484375,2.3999996185302734,-2.39990234375,2.39990234375,-4.800048828125,0.0,0.0,0.0,11.6162109375,-3.87200927734375,3.8720703125,7.744140625,-3.8720703125,0.0,4.800048828125,0.0,12.795905113220215,8.520079612731934,5.148979663848877,8.455222129821777,6.617622375488281
1781983260.30179,49253.88358181,0.0,4.800048828125,0.0,-2.39990234375,-4.7999267578125,0.0,-7.2001953125,4.7998046875,0.0,2.400146484375,0.0,2.400146484375,0.0,-2.39990234375,4.7998046875,2.39990234375,0.0,11.615966796875,0.0,0.0,0.0,3.8720703125,11.6162109375,0.0,0.0,12.795774459838867,0.0,3.3941469192504883,4.7999267578125,4.555486679077148,14.485071182250977,5.366344451904297
1781983260.3237753,49253.905568085,0.0,2.39990234375,0.0,0.0,-2.39990234375,0.0,-2.39990234375,4.7998046875,0.0,0.0,0.0,0.0,-2.3999996185302734,-4.7998046875,0.0,-2.400146484375,0.0,7.744140625,0.0,7.744140625,3.8719482421875,0.0,3.8720703125,0.0,0.0,8.107481002807617,0.0,7.744140625,5.148932933807373,4.7998046875,4.555486679077148,5.366454124450684
1781983260.3465066,49253.928299221,0.0,4.800048828125,0.0,0.0,-2.39990234375,0.0,0.0,2.39990234375,0.0,0.0,0.0,2.400146484375,-2.3999996185302734,0.0,2.39990234375,-4.800048828125,0.0,7.744140625,0.0,3.8720703125,0.0,0.0,3.8720703125,-7.744140625,0.0,9.111102104187012,0.0,4.555615425109863,3.394043207168579,0.0,4.555486679077148,9.421874046325684
1781983260.3679357,49253.949729888,0.0,0.0,0.0,0.0,-4.7999267578125,2.39990234375,2.39990234375,0.0,0.0,0.0,0.0,2.400146484375,0.0,0.0,0.0,2.39990234375,0.0,3.8720703125,0.0,3.8720703125,7.74395751953125,0.0,0.0,-3.8720703125,0.0,3.8720703125,0.0,4.555615425109863,9.110882759094238,2.39990234375,2.39990234375,4.555486679077148
1781983260.3910947,49253.972887528,0.0,-2.39990234375,0.0,0.0,-2.39990234375,0.0,0.0,4.7998046875,0.0,0.0,0.0,0.0,2.3999996185302734,-4.7998046875,0.0,-4.800048828125,0.0,3.8720703125,0.0,11.6162109375,0.0,3.8720703125,7.744140625,-7.744140625,0.0,4.555486679077148,0.0,11.6162109375,3.394043207168579,6.166932106018066,7.744140625,10.298072814941406
1781983260.4123645,49253.994157164,0.0,0.0,0.0,-2.39990234375,2.4000244140625,0.0,-2.39990234375,2.39990234375,0.0,0.0,0.0,0.0,-2.3999996185302734,2.400390625,2.39990234375,0.0,0.0,7.744140625,0.0,7.744140625,0.0,3.8720703125,3.8720703125,0.0,0.0,7.744140625,0.0,8.107481002807617,3.394129514694214,4.55574369430542,5.148979663848877,2.39990234375
1781983260.4336915,49254.015483738,0.0,2.39990234375,0.0,-4.7998046875,-4.7999267578125,-2.39990234375,0.0,4.7998046875,0.0,0.0,0.0,0.0,-4.799999237060547,2.400390625,0.0,-2.400146484375,0.0,3.8720703125,0.0,3.8720703125,3.8719482421875,7.743896484375,0.0,-3.8720703125,0.0,4.555486679077148,0.0,6.166932106018066,7.8148112297058105,8.455137252807617,0.0,6.617534160614014
1781983260.4583266,49254.040119155,0.0,0.0,0.0,0.0,-2.39990234375,-2.39990234375,0.0,2.39990234375,0.0,2.400146484375,0.0,-2.39990234375,0.0,-2.39990234375,-4.800048828125,-2.400146484375,0.0,7.744140625,0.0,7.744140625,3.8719482421875,-3.8720703125,3.8720703125,-3.8720703125,0.0,8.107552528381348,0.0,8.107481002807617,4.555383205413818,5.148979663848877,6.1671223640441895,5.149093151092529
1781983260.4842746,49254.066067965,0.0,2.39990234375,0.0,-2.39990234375,-4.7999267578125,-2.39990234375,0.0,4.7998046875,0.0,-4.7998046875,0.0,0.0,0.0,0.0,2.39990234375,0.0,0.0,3.8720703125,0.0,15.48828125,0.0,0.0,3.8720703125,-7.744140625,0.0,6.617445468902588,0.0,15.673110961914062,4.7999267578125,2.39990234375,4.555486679077148,9.110973358154297
1781983260.5065825,49254.088375392,0.0,-2.39990234375,0.0,-9.60009765625,-4.7999267578125,0.0,-2.39990234375,0.0,0.0,0.0,0.0,0.0,-2.3999996185302734,-2.39990234375,0.0,-4.800048828125,0.0,3.8720703125,0.0,11.6162109375,0.0,0.0,3.8720703125,-7.744140625,0.0,4.555486679077148,0.0,15.069778442382812,5.36649751663208,2.39990234375,4.555486679077148,9.111102104187012
1781983260.5285926,49254.11038493,0.0,-2.39990234375,0.0,-4.7998046875,-9.5999755859375,-2.39990234375,-2.39990234375,2.39990234375,0.0,0.0,0.0,0.0,0.0,-2.39990234375,0.0,-4.800048828125,0.0,0.0,0.0,3.8720703125,0.0,7.743896484375,3.8720703125,-7.744140625,0.0,2.39990234375,0.0,6.166932106018066,9.5999755859375,8.454998016357422,4.555486679077148,9.421874046325684
1781983260.550755,49254.132547325,0.0,2.39990234375,0.0,0.0,-4.7999267578125,-2.39990234375,-4.80029296875,2.39990234375,0.0,-2.39990234375,0.0,2.400146484375,-2.3999996185302734,2.400390625,2.39990234375,-2.400146484375,0.0,3.8720703125,0.0,7.744140625,3.8719482421875,3.8720703125,0.0,0.0,0.0,5.148979663848877,0.0,8.107552528381348,6.61749792098999,5.14920711517334,5.366781234741211,3.3941469192504883
1781983260.5713837,49254.153176054,0.0,2.39990234375,0.0,0.0,-4.7999267578125,-2.39990234375,-2.39990234375,7.19970703125,0.0,-2.39990234375,0.0,0.0,0.0,0.0,2.39990234375,0.0,0.0,3.8720703125,0.0,11.6162109375,0.0,0.0,7.744140625,0.0,0.0,5.148979663848877,0.0,11.6162109375,4.7999267578125,2.39990234375,8.455222129821777,7.19970703125
